{
  "method": "cv_src_to_dst",
  "conf_threshold": 0.5,
  "num_points": 15,
  "is_sane": true,
  "avg_error": 98.2244644165039,
  "max_error": 375.1344909667969,
  "matrix": [
    [
      -0.07429806187830659,
      -0.45876906862296724,
      229.5768981195317
    ],
    [
      -0.23119111551450588,
      -0.9791289139642712,
      530.6999466369639
    ],
    [
      -0.00044950615100841526,
      -0.001889442953382338,
      1.0
    ]
  ]
}