{
  "method": "cv_src_to_dst_lmeds",
  "conf_threshold": 0.9,
  "num_points": 13,
  "is_sane": false,
  "avg_error": 115.80472564697266,
  "max_error": 389.3511962890625,
  "matrix": [
    [
      -3.5577713529014123,
      64.42226070596506,
      -35735.1180389286
    ],
    [
      -45.171165924899576,
      -51.33727163462531,
      19238.51484670175
    ],
    [
      -0.0441864222243361,
      -0.1917120906442409,
      1.0
    ]
  ]
}