{
  "method": "cv_dst_to_src",
  "conf_threshold": 0.7,
  "num_points": 14,
  "is_sane": true,
  "avg_error": 2227.373779296875,
  "max_error": 27457.8828125,
  "matrix": [
    [
      0.004774521521818209,
      -0.0191431938461773,
      -28.79381069907277
    ],
    [
      -0.07389480023708797,
      1.7786559407578142,
      -784.9499097649683
    ],
    [
      -1.993256150301486e-05,
      0.0035844252649330157,
      -1.7890402649721415
    ]
  ]
}