{
  "method": "cv_dst_to_src_lmeds",
  "conf_threshold": 0.7,
  "num_points": 14,
  "is_sane": false,
  "avg_error": 405.27838134765625,
  "max_error": 2106.58544921875,
  "matrix": [
    [
      -0.21243493049210657,
      -2.6484796947018774,
      1302.6351399889413
    ],
    [
      -0.18082667263233823,
      -2.2616636084895054,
      1096.070393212659
    ],
    [
      -0.0006214014403544618,
      -0.008228707603406132,
      3.96409092721953
    ]
  ]
}