{
  "method": "cv_dst_to_src",
  "conf_threshold": 0.8,
  "num_points": 13,
  "is_sane": false,
  "avg_error": 495.0880432128906,
  "max_error": 1446.7998046875,
  "matrix": [
    [
      3.865242937049774,
      16.942962439990033,
      -15041.932637828839
    ],
    [
      3.1836548309778454,
      101.88553310725185,
      -55536.803058751684
    ],
    [
      0.013284283936483648,
      0.20713272098966776,
      -123.76318991169033
    ]
  ]
}