{
  "method": "cv_src_to_dst_lmeds",
  "conf_threshold": 0.6,
  "num_points": 15,
  "is_sane": true,
  "avg_error": 116.29408264160156,
  "max_error": 274.5838928222656,
  "matrix": [
    [
      -0.03025202300887711,
      -0.3721388565217,
      174.87575948278376
    ],
    [
      -0.0821553732444114,
      -0.9656085100116291,
      458.10126795821645
    ],
    [
      -0.0001816510623442321,
      -0.0020956078841903683,
      1.0
    ]
  ]
}