{
  "method": "cv_dst_to_src_lmeds",
  "conf_threshold": 0.9,
  "num_points": 13,
  "is_sane": false,
  "avg_error": 195.76890563964844,
  "max_error": 933.5146484375,
  "matrix": [
    [
      -0.4003581148563667,
      -5.918783257504541,
      2979.323404017524
    ],
    [
      0.03596419952709797,
      -2.0997663393589496,
      1177.9900521951145
    ],
    [
      -0.0003561177452788142,
      -0.003874092399941274,
      2.886128097789009
    ]
  ]
}