{
  "method": "cv_src_to_dst_lmeds",
  "conf_threshold": 0.7,
  "num_points": 14,
  "is_sane": false,
  "avg_error": 109.5444107055664,
  "max_error": 396.364501953125,
  "matrix": [
    [
      -0.8266476037520022,
      24.086060798614483,
      -13662.21295638246
    ],
    [
      -15.99933276703553,
      -20.252645639450822,
      7124.296430677416
    ],
    [
      -0.014975833373607854,
      -0.07518002556982839,
      1.0
    ]
  ]
}