{
  "method": "cv_src_to_dst",
  "conf_threshold": 0.7,
  "num_points": 14,
  "is_sane": false,
  "avg_error": 110.21910858154297,
  "max_error": 410.9402160644531,
  "matrix": [
    [
      -0.05093295351626298,
      2.6858431543117596,
      -1505.5010880460914
    ],
    [
      -1.7781985725534077,
      -2.881742434374984,
      1027.0795937426105
    ],
    [
      -0.0017095724202604303,
      -0.01065787820780826,
      1.0
    ]
  ]
}