{
  "method": "cv_dst_to_src_lmeds",
  "conf_threshold": 0.6,
  "num_points": 15,
  "is_sane": false,
  "avg_error": 1630.7308349609375,
  "max_error": 7255.6123046875,
  "matrix": [
    [
      -14.697153693823328,
      31.015627286942127,
      -10234.6152609755
    ],
    [
      -34.173505173814135,
      103.67514711103948,
      -38287.56080631785
    ],
    [
      -0.06739881589394076,
      0.2093360637420835,
      -76.74538453056086
    ]
  ]
}