{
  "method": "cv_dst_to_src",
  "conf_threshold": 0.5,
  "num_points": 15,
  "is_sane": false,
  "avg_error": 4282.7490234375,
  "max_error": 39094.1640625,
  "matrix": [
    [
      2.8500785968856737,
      17.62402004732498,
      -8812.162463435561
    ],
    [
      8.8789697533974,
      37.62565975937077,
      -20380.605304619017
    ],
    [
      0.017267139988645267,
      0.07262722351287058,
      -38.41186958473977
    ]
  ]
}